case,measured_tokens,warmup_tokens,mean_service_ms,p50_service_ms,p95_service_ms,p99_service_ms,max_service_ms,count_service_over_20ms,count_service_over_50ms,count_resource_bound_over_20ms,count_resource_bound_over_50ms,p50_dependency_wait_us,p95_dependency_wait_us,p99_dependency_wait_us,mean_necessary_resource_ms,cache_peak_bytes,cache_capacity_bytes,permanent_bytes,bridge_allocated_bytes,card_allocated_bytes,assumed_card_bytes,terminal_pending_pages,prefetch_bytes,prefetch_waste_bytes,expert_byte_hit_fraction,expert_demand_bytes_per_token,expert_miss_file_bytes_per_token,expert_physical_bytes_per_token,kv_byte_hit_fraction,kv_demand_bytes_per_token,kv_miss_file_bytes_per_token,kv_physical_bytes_per_token,expert_physical_to_miss_file_ratio,kv_physical_to_miss_file_ratio,fast_bytes_per_token
expert_only_hot_8g,4,2,26.143636,24.593307,31.825759,31.825759,31.825759,4,0,4,0,0.0,230.776,413.02,21.920167,3981312000,8589934592,3615446016,524288,12205904896,17179869184,0,0,0,0.8860677083333334,2038431744.0,232243200.0,232243200.0,,0.0,0.0,0.0,1.0,,5611559616.0
native_full_attention_8g,4,2,66.045447,65.771943,66.459383,66.459383,66.459383,4,4,4,4,0.0,550.816,602.576,50.175655,8587051008,8589934592,3615446016,524288,12205904896,17179869184,0,0,0,0.498046875,2038431744.0,1023197184.0,1023197184.0,1.0,6442450944.0,0.0,0.0,1.0,,12844964544.0
selected_hot_8g,4,2,27.913108,26.362779,33.595231,33.595231,33.595231,4,0,4,0,0.0,230.776,413.02,23.689639,4383965184,8589934592,3665777664,524288,12256236544,17179869184,0,0,0,0.8860677083333334,2038431744.0,232243200.0,232243200.0,1.0,402653184.0,0.0,0.0,1.0,,6064544448.0
selected_hot_1m_context,4,2,28.474036,26.923707,34.156159,34.156159,34.156159,4,0,4,0,0.0,230.776,413.02,24.250567,4383965184,8589934592,3809375232,524288,12399834112,17179869184,0,0,0,0.8860677083333334,2038431744.0,232243200.0,232243200.0,1.0,402653184.0,0.0,0.0,1.0,,6208142016.0
selected_churn_8g,4,2,34.782916,33.232587,40.465039,40.465039,40.465039,4,0,4,0,0.0,572.484,572.484,25.262503,6397231104,8589934592,3665777664,524288,12256236544,17179869184,0,0,0,0.8860677083333334,2038431744.0,232243200.0,232243200.0,0.0,402653184.0,402653184.0,402653184.0,1.0,1.0,6467197632.0
selected_disjoint_heads_8g,4,2,66.242055,65.968551,66.655991,66.655991,66.655991,4,4,4,4,0.0,550.816,602.576,50.372263,8587051008,8589934592,3665777664,524288,12256236544,17179869184,0,0,0,0.498046875,2038431744.0,1023197184.0,1023197184.0,1.0,6442450944.0,0.0,0.0,1.0,,12895296192.0
selected_uniform_routes_8g,4,2,56.999033,57.136639,58.191167,58.191167,58.191167,4,4,4,0,0.0,814.736,854.12,30.01766625,8588230656,8589934592,3665777664,524288,12256236544,17179869184,0,0,0,0.09765625,2038431744.0,1839366144.0,1839366144.0,1.0,402653184.0,0.0,0.0,1.0,,7671667392.0
selected_shift_routes_8g,4,2,42.231196,33.595231,59.615491,59.615491,59.615491,4,1,4,0,0.0,767.08,840.228,27.21504225,7515930624,8589934592,3665777664,524288,12256236544,17179869184,0,0,0,0.501953125,2038431744.0,1015234560.0,1015234560.0,1.0,402653184.0,0.0,0.0,1.0,,6847535808.0
selected_hot_4g,4,2,28.135441,26.362779,33.595231,33.595231,33.595231,4,0,4,0,0.0,230.872,413.02,23.725927,4293722112,4294967296,3665777664,524288,7961269248,17179869184,0,0,0,0.8815104166666666,2038431744.0,241532928.0,241532928.0,1.0,402653184.0,0.0,0.0,1.0,,6073834176.0
selected_churn_8channels,4,2,87.919338,79.835207,116.713035,116.713035,116.713035,4,4,4,1,0.0,3380.864,3380.864,40.209981,6397231104,8589934592,3665777664,524288,12256236544,17179869184,0,0,0,0.8860677083333334,2038431744.0,232243200.0,232243200.0,0.0,402653184.0,402653184.0,402653184.0,1.0,1.0,6467197632.0
selected_hot_fast128,4,2,50.655439,49.17507,56.149394,56.149394,56.149394,4,2,4,0,0.0,225.912,385.096,47.379278,4383965184,8589934592,3665777664,524288,12256236544,17179869184,0,0,0,0.8860677083333334,2038431744.0,232243200.0,232243200.0,1.0,402653184.0,0.0,0.0,1.0,,6064544448.0
selected_churn_repo_padded,4,2,35.055555,33.449111,40.899723,40.899723,40.899723,4,0,4,0,0.0,572.484,572.484,25.468291,6572335104,8589934592,3665777664,524288,12256236544,17179869184,0,0,0,0.8860677083333334,2128084992.0,242457600.0,242995200.0,0.0,402653184.0,402653184.0,402653184.0,1.0022172949002217,1.0,6519879360.0
